,0.5B_ruvltra,7B_deepseek_chat_second_state,8B_qwen_3,9B_gemma_2,9B_glm_4
hard,3.2943810839969956,55.10487637499682,1437.0376269590015,178.34853704200214,150.55371191700033
medium,1.4878859579985146,18.148874624999735,185.59188433300005,116.14858275000006,139.47942141700332
easy,0.6784691249995376,3.796720292000827,20.023419124998327,7.925157124998805,5.651985625001544
